{"cameraMode":{"drawMode":0,"name":"Shaded","section":"Shading Mode"},"sceneLighting":false,"audioPlay":false,"sceneViewState":{"showFog":true,"showMaterialUpdate":true,"showSkybox":false,"showFlares":true,"showImageEffects":true,"showParticleSystems":true},"in2DMode":false,"pivot":{"x":-0.05981992930173874,"y":0.7532427310943604,"z":1.2012540102005005},"rotation":{"x":0.01238404493778944,"y":0.9875892400741577,"z":-0.11547518521547318,"w":0.10587253421545029},"size":0.5674880743026733,"orthographic":false}