{"cameraMode":{"drawMode":0,"name":"Shaded","section":"Shading Mode"},"sceneLighting":false,"audioPlay":false,"sceneViewState":{"showFog":true,"showMaterialUpdate":true,"showSkybox":false,"showFlares":true,"showImageEffects":true,"showParticleSystems":true},"in2DMode":false,"pivot":{"x":-0.0294492244720459,"y":1.36576247215271,"z":0.0016016960144042969},"rotation":{"x":-0.2871283292770386,"y":0.6264511942863464,"z":-0.2670036256313324,"w":-0.6736741662025452},"size":7.808588981628418,"orthographic":false}