{"cameraMode":{"drawMode":0,"name":"Shaded","section":"Shading Mode"},"sceneLighting":true,"audioPlay":false,"sceneViewState":{"showFog":true,"showMaterialUpdate":true,"showSkybox":true,"showFlares":true,"showImageEffects":true,"showParticleSystems":true},"in2DMode":false,"pivot":{"x":-14.706581115722657,"y":4.451530456542969,"z":24.697799682617189},"rotation":{"x":0.15917375683784486,"y":0.023693302646279336,"z":-0.003805822227150202,"w":0.9869723916053772},"size":13.842016220092774,"orthographic":false}