{"cameraMode":{"drawMode":0,"name":"Shaded","section":"Shading Mode"},"sceneLighting":true,"audioPlay":false,"sceneViewState":{"showFog":true,"showMaterialUpdate":true,"showSkybox":true,"showFlares":true,"showImageEffects":true,"showParticleSystems":true},"in2DMode":false,"pivot":{"x":-3.3065919876098635,"y":-4.59916877746582,"z":0.3823038339614868},"rotation":{"x":0.1483437567949295,"y":-0.6943027377128601,"z":0.14978113770484925,"w":0.6881440281867981},"size":14.731189727783204,"orthographic":false}