{"cameraMode":{"drawMode":0,"name":"Shaded","section":"Shading Mode"},"sceneLighting":true,"audioPlay":false,"sceneViewState":{"showFog":true,"showMaterialUpdate":true,"showSkybox":true,"showFlares":true,"showImageEffects":true,"showParticleSystems":true},"in2DMode":false,"pivot":{"x":0.2738785743713379,"y":2.16131329536438,"z":-2.28328013420105},"rotation":{"x":-0.02593865618109703,"y":0.8720834255218506,"z":-0.04664681479334831,"w":-0.48647797107696535},"size":8.297517776489258,"orthographic":false}