{"cameraMode":{"drawMode":0,"name":"Shaded","section":"Shading Mode"},"sceneLighting":true,"audioPlay":false,"sceneViewState":{"showFog":true,"showMaterialUpdate":true,"showSkybox":true,"showFlares":true,"showImageEffects":true,"showParticleSystems":true},"in2DMode":false,"pivot":{"x":1.904076099395752,"y":3.744396924972534,"z":1.0172996520996094},"rotation":{"x":0.015402037650346756,"y":-0.984475314617157,"z":0.11661490052938461,"w":0.1304572969675064},"size":9.192911148071289,"orthographic":false}