{"cameraMode":{"drawMode":0,"name":"Shaded","section":"Shading Mode"},"sceneLighting":true,"audioPlay":false,"sceneViewState":{"showFog":true,"showMaterialUpdate":true,"showSkybox":true,"showFlares":true,"showImageEffects":true,"showParticleSystems":true},"in2DMode":false,"pivot":{"x":3.5890560150146486,"y":-16.554420471191408,"z":-24.6290283203125},"rotation":{"x":0.04130105301737785,"y":0.9277423024177551,"z":-0.3549312353134155,"w":0.10790711641311646},"size":187.91551208496095,"orthographic":false}