{"cameraMode":{"drawMode":0,"name":"Shaded","section":"Shading Mode"},"sceneLighting":true,"audioPlay":false,"sceneViewState":{"showFog":true,"showMaterialUpdate":true,"showSkybox":true,"showFlares":true,"showImageEffects":true,"showParticleSystems":true},"in2DMode":false,"pivot":{"x":10.354277610778809,"y":11.013443946838379,"z":6.134553909301758},"rotation":{"x":0.315082848072052,"y":-0.6354356408119202,"z":0.3183143436908722,"w":0.6289845705032349},"size":4.738068580627441,"orthographic":false}