{"cameraMode":{"drawMode":0,"name":"Shaded","section":"Shading Mode"},"sceneLighting":false,"audioPlay":false,"sceneViewState":{"showFog":true,"showMaterialUpdate":true,"showSkybox":false,"showFlares":true,"showImageEffects":true,"showParticleSystems":true},"in2DMode":false,"pivot":{"x":-3.5826494693756105,"y":2.2646970748901369,"z":-32.3580322265625},"rotation":{"x":0.0440804660320282,"y":0.02007325366139412,"z":0.0008533177897334099,"w":-0.9988473057746887},"size":10.756179809570313,"orthographic":false}