{"cameraMode":{"drawMode":0,"name":"Shaded","section":"Shading Mode"},"sceneLighting":true,"audioPlay":false,"sceneViewState":{"showFog":true,"showMaterialUpdate":true,"showSkybox":true,"showFlares":true,"showImageEffects":true,"showParticleSystems":true},"in2DMode":false,"pivot":{"x":-142.2891845703125,"y":2.6785106658935549,"z":35.785221099853519},"rotation":{"x":-0.36098578572273257,"y":0.5603412985801697,"z":-0.29558736085891726,"w":-0.6843628883361816},"size":8.787679672241211,"orthographic":false}